kabupaten,temperature_mean_c,temperature_max_c,temperature_min_c,rainfall_mm_year,precip_hours_day,humidity_pct,sunshine_hrs_day,shortwave_radiation,et0_mm_day,vapour_pressure_def,wind_speed,soil_moisture_0_7cm,soil_moisture_7_28cm,soil_temperature,centroid_lat,centroid_lon,province
Bandung,22.86966023841605,27.513542259899694,18.86504592035332,2589.9,7.413078454599895,81.14497968785089,9.48537960987079,19.035614798076203,3.796702831237368,1.4392564273149187,4.483279827270005,0.3226410962927614,0.31541013830563663,23.937325277902538,-7.0706,107.5627,Jawa Barat
Bandung Barat,22.295836281720188,26.52185911089902,19.310669305337225,2869.825,8.27258355790104,82.49340617467625,9.443090406779449,18.71061782786885,3.6351529878733437,1.2847394268844974,5.985808292162587,0.36261340336103,0.3608004433808668,23.248187111685006,-6.85,107.45,Jawa Barat
Bangkalan,27.51164381783816,30.77637013904484,24.924176068568006,2212.125,7.6190971826109735,78.4565822048806,9.957953069156977,20.003047343551163,4.353929763455349,1.7416987725503406,8.832750251702972,0.2930816774646306,0.2807071093551164,29.675825249831576,-7.0433,112.7323,Jawa Timur
Banjarnegara,24.210969315629914,27.96856341324201,21.25931985365671,3618.1125,10.612334004229359,85.33226184501086,8.804551767121728,16.92252701736657,3.3613033740362304,1.144410277715398,4.427476122838536,0.44939853824200915,0.44385767569615986,25.20300399636949,-7.387,109.6977,Jawa Tengah
Bantul,25.715572387529008,29.98675869544876,22.370086859046335,2393.0125,8.368577887566435,83.52026712328767,9.534125849947186,18.515598730256755,3.860795293060858,1.5276970841754622,7.299575818736432,0.201278170998952,0.18797643683097537,27.48180440059136,-7.8878,110.3394,DI Yogyakarta
Banyumas,25.259395862339996,28.675885178531328,22.648975385507896,4163.7875,11.449397703795194,84.45717639231978,8.912539508027775,16.892153080320384,3.376237464911296,1.137178088086683,4.783160385320757,0.37368990102178307,0.36957378883149933,25.939460768021558,-7.4143,109.2227,Jawa Tengah
Banyuwangi,25.97888246874766,29.414042964480874,23.401075480013475,1551.35,9.012207151545775,82.60173599539637,10.282426715263222,19.35129297477356,3.929821586757991,1.3819021869151882,7.786044513062355,0.20100483432517402,0.1787539399468523,26.630104802006137,-8.2196,114.3691,Jawa Timur
Batang,27.263336314469647,31.043389016767723,23.858067671607156,1992.0,6.615671864473389,77.28343300396736,9.87733636469328,19.785973730256757,4.187161964406019,1.7759788295343963,5.55853825885171,0.3665583048319485,0.3492813680290441,29.381062369937872,-6.909,109.729,Jawa Tengah
Bekasi,27.032009241896848,31.615741292387156,23.672907943146942,2521.5875,7.846860984167977,80.51285023860319,9.632835071859066,18.434160624859647,3.9870764144022757,1.9343712132270379,6.6616906439479004,0.30849503147690693,0.29585296885058765,28.520037365259377,-6.2383,107.0291,Jawa Barat
Blitar,25.198652734111835,29.47270717025975,22.07067978609926,2380.4625,7.7776455020959645,83.66695934482371,9.448963000549464,18.43968993000973,3.8217711791676026,1.4688365861965715,9.005920170858598,0.2045764347162961,0.19425222336065573,26.733078800808443,-8.1011,112.168,Jawa Timur
Blora,26.479307880455124,31.458433254734636,22.981641211917058,2356.0875,6.918861160079348,78.80855679598024,9.541799057634368,19.13552114398533,4.19749543715847,2.097284323396212,7.688642429261172,0.3967528109514185,0.3879057687981885,28.0946813664945,-6.9622,111.4143,Jawa Tengah
Bogor,25.86852042911146,30.327141231566735,22.502385454562468,2510.775,7.546849917658507,80.12669161894603,9.26845581659732,18.009679398719964,3.8203705606707086,1.7416675790665468,5.618484907178681,0.4117270246650198,0.40388919162175313,27.193605642263645,-6.5971,106.806,Jawa Barat
Bojonegoro,27.201962290403475,32.26525799554607,23.643294285687553,2260.9875,6.55800967044689,77.11850005614193,9.570408062014476,19.280602900666217,4.35603779118946,2.25373802137136,7.2444699322554085,0.28880339497716895,0.2810099912512164,28.870832628752154,-7.15,111.8815,Jawa Timur
Bondowoso,25.41172908058238,30.197987821880382,21.983784427165208,1628.75,5.620872980762033,77.72807945486188,10.013247478923386,19.51952999288869,4.2241785759600265,1.919393188767872,9.1475905681563,0.3526667513661202,0.33471566438356165,27.679506574219626,-7.9096,113.8227,Jawa Timur
Boyolali,24.49264297664496,28.882402595628413,21.591550165618685,3717.0,7.830311305112659,78.32050267142002,9.479593882980991,19.39958509057564,4.208781653660454,1.668136287427951,9.67783732315293,0.2924914820532974,0.2851356988079197,25.78865072703795,-7.5327,110.5951,Jawa Tengah
Brebes,27.17129694681488,31.04508556871772,24.382784075342467,1968.4499999999998,6.637683251927539,78.84378960532226,9.917378630399503,19.341944088255108,4.251172777528258,1.8534302111872147,8.090602072572798,0.28976077739726025,0.28088251606594805,28.597825218017814,-6.872,108.8641,Jawa Tengah
Ciamis,24.252914972116177,28.369863585410585,21.488081192454526,3267.6375,11.345831486263942,88.00007905251141,8.731762476332019,17.064105457930985,3.3773299108279065,1.1626574032487462,5.203973165094693,0.36175398486975074,0.35325348961374353,25.42974942641665,-7.3302,108.3526,Jawa Barat
Cianjur,24.020050272288344,28.616042040946176,20.441946965528857,2724.0125,7.615212176248223,80.56598408002095,9.377973056090983,18.976676352084738,3.862230640953664,1.6403268113256981,5.816179436147915,0.4044384113518976,0.391597902593757,25.49105413298151,-6.82,107.1397,Jawa Barat
Cilacap,26.119659051949995,28.36536974605135,24.129192447975147,2366.1375,10.614435113032412,85.24860803390972,9.648385270149234,19.296287166891233,3.862814017703421,0.9984607057975896,11.309291269930384,0.20378993070214835,0.19534983862938843,27.834730250205855,-7.7298,109.0068,Jawa Tengah
Cirebon,27.7255583576615,31.82668166123961,24.510245512388654,2130.925,5.903772230331612,74.51557635021334,10.073277056665917,19.557660402163336,4.654439051762857,2.1026529841305486,9.531739247885321,0.16277695923160415,0.15171136483831124,29.281956452578786,-6.74,108.55,Jawa Barat
Demak,27.101814733512988,32.05388080881803,23.771269123811663,2581.25,7.576361177857624,78.91538725671832,9.673040755769103,19.59812974773561,4.327312818418295,2.1718570195186766,7.814982968410809,0.40317828700688674,0.40293040966763977,28.12698906635976,-6.8938,110.6397,Jawa Tengah
Garut,22.600296669848042,26.972472303316117,19.254811144172468,3026.6625,8.648562060221574,86.33515847743095,9.180995563496,17.980925695224194,3.5387017063402952,1.1866293234897822,4.800483593457594,0.332448085111161,0.32977320043603564,24.12581680327869,-7.2111,107.8941,Jawa Barat
Gresik,27.603073831312223,31.356250248895876,24.58587688636874,1772.6875,6.081063974661277,77.30615286885246,9.98360107712965,19.80520343588592,4.424302840594356,2.0073870644322183,8.724929812298825,0.28060145884796767,0.27671578498577737,29.36967628845722,-7.156,112.6514,Jawa Timur
Grobogan,26.51473358222921,31.54840459240961,23.141008714162737,2661.625,7.372627739726028,80.13931923515982,9.631366809472494,19.501502558200464,4.194415308032038,2.065571331873643,7.443730888352421,0.3162174721629613,0.3103225746406917,27.66195302137136,-7.0107,110.9187,Jawa Tengah
Gunung Kidul,25.04707886537166,29.356468042143874,22.066995150273222,2376.2625,8.06195324313197,83.85422729526911,9.363920762305998,18.41512881110113,3.823877748334456,1.4955402212927615,9.8637127301819,0.4020736100194625,0.39196254549367465,26.706807527696682,-7.9699,110.597,DI Yogyakarta
Indramayu,27.806389667078374,31.86445906224268,24.4586946309604,1676.025,6.253164316191332,75.04582735141103,10.048011391823344,19.67479574912044,4.539546956452579,2.1415644587918257,9.108717574294483,0.23722224502208247,0.20780589113144696,30.264999422673853,-6.3278,108.3253,Jawa Barat
Jember,26.054671899094245,30.439388272887193,23.03275062130399,2351.125,8.33422166329815,82.46755588648102,9.507666333913987,18.361454258365146,3.805398574462909,1.6008333461524067,5.171358065723482,0.3075723185680066,0.2884336541938019,27.65960023673179,-8.1724,113.688,Jawa Timur
Jepara,26.888205982857997,30.062909076278164,24.33752964013025,3460.675,9.046496759675126,78.97932003237517,9.758430301918807,19.486343202148365,4.230857545381391,1.5927550753237518,9.43092941088405,0.4154757758159293,0.4093902156317838,28.133862359645185,-6.5893,110.6718,Jawa Tengah
Jombang,26.85843600288195,32.52454853376001,23.13592690227562,2777.25,6.429060865334232,79.20821022063777,9.631303202384888,19.556819208024553,4.28253878780223,2.320671344131297,6.480107927240063,0.2923580614379819,0.2865710813496519,28.252125869264166,-7.5464,112.2318,Jawa Timur
Karanganyar,24.792913845534848,28.93680478703496,21.670798393405196,2887.8875,8.077129147016992,78.36070250673703,9.526786419907303,18.527696876637474,3.9043851146231003,1.6021157057040198,8.437627957743842,0.4189009318717718,0.41605003645482447,26.052547416535667,-7.5927,111.036,Jawa Tengah
Karawang,27.295650723295157,32.075656599483494,23.946338594767575,2410.3875,7.411318330339097,79.10368026611273,9.704748875235484,18.51770580413953,4.076134935811064,2.1148207259151133,6.830516851935025,0.2975283334269032,0.2776169589696085,28.964551186466053,-6.3218,107.3328,Jawa Barat
Kebumen,26.054449536829104,29.557681806272925,23.27164162549592,2806.7375,9.663975660603338,83.90411175518378,9.289720904298289,18.161997634553483,3.7511687163148437,1.3033930417695936,7.79061121154278,0.3056624504266786,0.2892289799760461,27.474033829253685,-7.6696,109.6558,Jawa Tengah
Kediri,26.43855441088405,31.040590981735157,23.503076024590165,2111.4375,6.431429132045812,79.86224196421888,9.662657311677625,19.11669297383786,4.369301883748784,1.8518525640953665,13.1144424077401,0.27419218642862486,0.26565370457182425,27.93017730743319,-7.8306,112.0188,Jawa Timur
Kendal,27.21311307639045,30.903114071973953,24.12454275301295,2082.425,6.674916092147615,77.8754486928288,9.997548131794213,20.420275660603338,4.467024096676398,1.773955934669511,8.57990378115877,0.2704360558892881,0.2571729858148065,28.757792256156897,-6.9213,110.2014,Jawa Tengah
Klaten,26.24029536922674,31.343261566172618,22.896636047795493,1926.725,6.67319545998952,78.88494941799536,9.530343104630358,18.917155518751404,4.177410355846246,2.073969278014822,9.095828946777454,0.3752799825398608,0.34809984143648476,28.207571545400103,-7.706,110.6077,Jawa Tengah
Kota Bandung,23.002289727898795,28.01078809229733,18.953029586795417,2054.25,6.7740433874167225,78.94819925050528,9.46184980041805,18.6604164870125,3.7836104931132573,1.6467977241934277,6.407408695448761,0.31472531614454674,0.31756413190545696,23.786322940526986,-6.9175,107.6191,Jawa Barat
Kota Banjar,25.809746231941013,29.765558609364472,23.015579124560222,2762.4875,10.242412341866906,84.94524592877461,8.958044223172477,17.067320487124785,3.5095162411108616,1.3425175623175387,5.206298424283255,0.3402299903903735,0.32674174026873265,26.86691549610749,-7.3656,108.5381,Jawa Barat
Kota Batu,21.60228107362078,25.496195768770118,18.84732586084288,3491.3375,8.16265127348604,85.64994715266862,9.477105531079236,18.10589083483045,3.452603756362752,1.0843292003518228,5.017880757354592,0.42859156532113185,0.42232110976682385,23.26403482577289,-7.868,112.5279,Jawa Timur
Kota Bekasi,27.032009241896848,31.615741292387156,23.672907943146942,2521.5875,7.846860984167977,80.51285023860319,9.632835071859066,18.434160624859647,3.987275450726102,1.9343712132270379,6.6616906439479004,0.30849503147690693,0.29585296885058765,28.520037365259377,-6.2383,106.9756,Jawa Barat
Kota Blitar,25.198652734111835,29.47270717025975,22.07067978609926,2380.4625,7.7776455020959645,83.66695934482371,9.448963000549464,18.43968993000973,3.8217711791676026,1.4688365861965715,9.005920170858598,0.2045764347162961,0.19425222336065573,26.733078800808443,-8.0953,112.1608,Jawa Timur
Kota Bogor,25.86852042911146,30.327141231566735,22.502385454562468,2510.775,7.546849917658507,80.12669161894603,9.26845581659732,18.009679398719964,3.8203705606707086,1.7416675790665468,5.618484907178681,0.4117270246650198,0.40388919162175313,27.193605642263645,-6.5971,106.806,Jawa Barat
Kota Cilegon,26.539159687289466,29.74846788307508,23.74826489164608,2325.875,9.285544560782993,84.07705959559098,10.0022585729372,18.994252000523993,3.900975141196946,1.3422960670708886,8.38320650310652,0.2104592676847069,0.1936511468392095,27.862403122426826,-6.0022,106.0005,Banten
Kota Cimahi,21.88260788981211,26.358307726064826,18.570492709970807,3272.875,8.656309457107568,83.27815167396511,9.302074271425942,18.566469655288568,3.5776905301669286,1.2679746813945654,5.8574212487835915,0.36299097235945804,0.3612664921682012,22.74974721068194,-6.87,107.54,Jawa Barat
Kota Cirebon,27.7255583576615,31.82668166123961,24.510245512388654,2130.925,5.903772230331612,74.51557635021334,10.073277056665917,19.557660402163336,4.654364498559024,2.1026529841305486,9.531739247885321,0.16277695923160415,0.15171136483831124,29.281956452578786,-6.7319,108.5523,Jawa Barat
Kota Depok,26.356565424058687,31.200079289243206,22.914389449060558,2799.9125,7.8400703364772815,81.32152718392095,9.330100179217506,18.292612695561044,3.8804402212927616,1.8798689413504006,5.808246093457594,0.4270712513099783,0.42133073543117,27.672933771240363,-6.4025,106.7942,Jawa Barat
Kota Kediri,26.43855441088405,31.040590981735157,23.503076024590165,2111.4375,6.431429132045812,79.86224196421888,9.662657311677625,19.11669297383786,4.369181415244404,1.8518525640953665,13.1144424077401,0.27419218642862486,0.26565370457182425,27.93017730743319,-7.8169,112.0115,Jawa Timur
Kota Madiun,27.29349920184894,32.406214799011906,23.69444026873269,1936.55,5.764910433977095,74.96785992027847,9.697129654773935,19.395574073658207,4.61807617336627,2.36297138810914,9.583148516917435,0.3690470229152631,0.3513932693221798,29.59561627273748,-7.6564,111.5227,Jawa Timur
Kota Magelang,23.644258795568533,27.93513969234224,20.360541385957035,2759.2374999999997,9.940933193914216,85.89819951624374,9.09562244181513,17.818927012688075,3.5093972534433715,1.242187842746463,6.622152509544128,0.44160303516356014,0.43472238482483716,24.24562943053372,-7.4797,110.2177,Jawa Tengah
Kota Malang,24.00839184070664,28.184745072610227,21.17163128134591,2952.675,7.915342963545175,83.0651565152706,9.395951287981573,18.2562309800509,3.6692672210681936,1.4104038153117748,5.223842659443072,0.3050404880136986,0.3033650985197245,25.788572804850663,-7.9797,112.6304,Jawa Timur
Kota Mojokerto,27.76382275993712,33.38100407122539,23.887850641889365,1999.1374999999998,5.318327090351074,75.54601404483869,9.838252183102215,19.77372854910547,4.476387523486039,2.653496069503705,6.525248277378546,0.25773176519574814,0.24275893063664944,29.252978498577736,-7.4726,112.4339,Jawa Timur
Kota Pasuruan,27.77316351242608,32.124627771539785,24.088216107118797,1652.35,5.028424263605061,76.60574864510816,10.342642891148083,21.133174561157272,4.612635064656786,2.118290136799162,6.621959649861516,0.2563700009637697,0.26101715240661727,29.3685832060783,-7.6453,112.9068,Jawa Timur
Kota Pekalongan,27.260329606445094,31.299037972527884,23.69441298188487,2211.2,6.936694554233101,78.63613815031066,9.863471491256934,19.55979904839434,4.15018314366719,1.803146343569878,5.425181107305936,0.26970859257803725,0.2572197067426454,28.9883619638446,-6.8899,109.6753,Jawa Tengah
Kota Probolinggo,27.592901453140207,31.378452984879107,24.870720433789955,1759.7875,5.723074185942061,74.3881336655064,10.163440226124605,20.371576430683433,4.992463376749757,1.9558378293659704,13.10391631110113,0.2450892704356613,0.23711400187139753,29.97529911108616,-7.765,113.2158,Jawa Timur
Kota Salatiga,24.11190351261322,28.19591024496594,21.185473231529308,3901.8999999999996,8.39199625720488,80.3779269855528,9.504390577237775,19.112615243468824,3.911674354835691,1.527675733213564,5.1354650544576685,0.31414337569241707,0.3147731693989071,25.00315372688824,-7.3305,110.5084,Jawa Tengah
Kota Semarang,27.4161157964668,31.35199940302418,24.34963680290441,1737.625,6.539773400890785,75.98750802174564,9.835478861161015,19.910182588517106,4.3843571136499735,2.03242624242084,8.180559076278165,0.2554000194906056,0.2419545034433715,29.301805073358786,-6.9932,110.4203,Jawa Tengah
Kota Serang,26.585265878808293,30.65745462422337,23.447809313945655,2409.1625,8.556490512950072,81.70784261640092,9.632297311480087,18.013786755183773,3.785485125570776,1.6433385724979415,5.652151920053896,0.31585545288756645,0.296684437130399,27.773235962646904,-6.1197,106.15,Banten
Kota Sukabumi,22.399698155737706,26.584223751777827,19.634510403099036,3123.8,9.422795918481922,86.91407156130698,9.209174404778613,17.881162004079645,3.421524123718093,1.1911347735608953,4.864667465753424,0.4538158860786735,0.4488730507429448,23.59067619769444,-6.9207,106.927,Jawa Barat
Kota Surabaya,27.74666115914365,31.038171362003144,24.676538632195523,1859.7125,6.441155258627143,76.94344759244704,10.022681882675329,20.32368585878434,4.559051021595928,1.8425548719964069,9.200887529006662,0.1698599559847294,0.16617470372033832,29.709334675125383,-7.2504,112.7688,Jawa Timur
Kota Surakarta,26.41110053054121,31.660684967999103,22.98977315199491,2424.3,6.7600011808518605,78.74059903342317,9.538704052675163,19.441704981660305,4.369330303447114,2.151994982876712,9.42104594281009,0.3876211100849615,0.38617352948386857,28.255911207799983,-7.5569,110.8313,Jawa Tengah
Kota Tangerang,26.716817823190357,31.097632338685532,23.358284441200688,2594.125,8.557695278463957,82.77085254977918,9.747600623024637,18.593616729358484,3.930307962515907,1.7066596552885696,6.6114403838236395,0.32751107596002693,0.3190069158058238,28.15739303746538,-6.1783,106.6333,Banten
Kota Tasikmalaya,23.8858099698705,28.094249104536267,20.960532863612546,3220.7375,11.840993194662774,87.53971117879333,8.63842641181611,16.703656895164308,3.32070041414028,1.1869046936522194,4.594568362152856,0.262807160294558,0.25638820693914216,24.976597824500338,-7.3548,108.2207,Jawa Barat
Kota Tegal,26.63790623549667,30.72852106538663,23.334588791264316,2223.1375,7.4838415637398015,79.88999958080694,9.931840339071245,19.711826800284452,4.1907392471367615,1.7688868548356913,7.9284282871098135,0.2874387709783666,0.2790254307395763,28.323282521146794,-6.8694,109.1402,Jawa Tengah
Kota Yogyakarta,25.86512832266637,30.539151091024777,22.536540554120815,2520.475,8.400413786585823,81.91962010816678,9.10091576214485,18.11011742551838,3.8130867620143727,1.7190939042967288,6.063627493637248,0.20289959687289466,0.19209453984205405,27.207459265289316,-7.7956,110.3695,DI Yogyakarta
Kudus,26.88569105097687,31.732990408151807,23.491012335317016,2117.2875,7.267318361217157,78.39697527696684,9.54304825211208,18.858602639606257,4.141509324331911,2.139638730069616,7.871478736245228,0.39043264428475183,0.37839392025974994,27.954688483419417,-6.8048,110.8366,Jawa Tengah
Kulon Progo,25.884230665656112,29.58967696216034,23.125928331087653,2972.0125,10.041245019275395,85.14123262220227,9.419270522959449,18.404841088404822,3.7085886006624746,1.2855486366868778,6.79354565929336,0.3341275961711206,0.32144586321019536,27.270037304438954,-7.8222,110.1567,DI Yogyakarta
Kuningan,23.51853876319335,27.574063182124412,21.066511362190283,3381.525,8.069189283441874,83.79124749513437,9.53898438031009,18.38039579029119,3.7121446177670485,1.2736473115502658,8.975269019949097,0.3153256375383636,0.3026950050527734,24.591067881203685,-6.976,108.4787,Jawa Barat
Lamongan,27.634984836065573,32.07645941032263,24.199500118833743,2141.725,6.670056431993412,77.1716259993263,9.792441243933553,19.651980180028445,4.420769180047159,2.1746800232988996,8.046710561232128,0.37699869921027024,0.36175443690583126,30.014359353245005,-7.1177,112.4148,Jawa Timur
Lebak,25.7629008430646,30.030103952391645,22.530271013923198,2421.825,8.003845738827756,82.9455548263343,9.376159484575526,17.759905685305785,3.6649445210157947,1.5307362609476756,6.631912191219403,0.3202583917022232,0.3050503804831948,26.727085780185643,-6.5584,106.251,Banten
Lumajang,25.498355576764727,29.5111555982858,22.660907772849765,2818.1125,10.362826007747586,85.54372299199042,9.419627991322434,18.057141551575718,3.629368138801557,1.2706664044838685,6.137373887454151,0.24804526658058237,0.23677279613930682,26.327403092484467,-8.135,113.222,Jawa Timur
Madiun,27.29349920184894,32.406214799011906,23.69444026873269,1936.55,5.764910433977095,74.96785992027847,9.697129654773935,19.395574073658207,4.617728700033686,2.36297138810914,9.583148516917435,0.3690470229152631,0.3513932693221798,29.59561627273748,-7.6298,111.5239,Jawa Timur
Magelang,23.644258795568533,27.93513969234224,20.360541385957035,2759.2374999999997,9.940933193914216,85.89819951624374,9.09562244181513,17.818927012688075,3.5080471406916685,1.242187842746463,6.622152509544128,0.44160303516356014,0.43472238482483716,24.24562943053372,-7.4802,110.2158,Jawa Tengah
Magetan,25.246347825436036,29.425246783067593,22.62185357624074,4400.9375,7.806253898121117,76.79394128396586,9.639168231446133,19.544753700688673,4.43483631110113,1.7236274742682833,10.69948954730893,0.38834204319185567,0.3826186308294034,27.469492505052774,-7.6499,111.3286,Jawa Timur
Majalengka,26.158951967774534,30.719446396623997,22.928446340482072,2300.775,6.696845497417471,76.61280400104798,9.459997526763583,18.212727900666216,4.207763179878733,1.9378334219440079,8.678462502807097,0.39226378824200914,0.3797443793603563,27.42612163335579,-6.8358,108.2278,Jawa Barat
Malang,24.651241926790927,29.098914365783365,21.49100304476383,1950.1,6.781491338236395,81.61747398570252,9.492804656255458,18.720182207687703,3.8604014903810167,1.5779744419492476,6.779021328317988,0.28500224710869076,0.2768476983307134,26.395969628153306,-8.1565,112.6288,Jawa Timur
Mojokerto,27.76382275993712,33.38100407122539,23.887850641889365,1999.1374999999998,5.318327090351074,75.54601404483869,9.838252183102215,19.77372854910547,4.476430868702748,2.653496069503705,6.525248277378546,0.25773176519574814,0.24275893063664944,29.252978498577736,-7.47,112.4343,Jawa Timur
Nganjuk,27.251609508571,32.219074689348005,23.48105039018639,1749.8375,5.660588096975822,74.45099595965267,9.666638539275436,19.67171586757991,4.685431638689273,2.3207587088292536,8.695933990193877,0.3542955269294109,0.33572894504641065,29.480115351074183,-7.603,111.905,Jawa Timur
Ngawi,27.081374452616213,32.14208981585448,23.636992306684633,2485.3,6.347208192978516,75.90216200127256,9.65325626593547,19.690946421887865,4.626582850606333,2.2562628879407143,9.119638201774086,0.39180204993824386,0.3854647065929336,29.293533729133916,-7.409,111.4469,Jawa Timur
Pacitan,26.245233602814583,29.20081552137136,24.014294396100006,2145.6875,8.68872604423984,84.46438633131223,9.602804147206731,18.789444543004716,3.8089240518564265,1.1484664664271278,10.005723640429673,0.3020851066509469,0.29433956535855976,27.968892751141553,-8.1955,111.0984,Jawa Timur
Pamekasan,27.087050129126432,30.7870406430122,24.288705025638148,1877.4625,6.029469423235272,79.00953133280935,10.086476023683055,19.914399506886742,4.3077756887678715,1.8249284146455573,8.556621700726103,0.2670499214668014,0.2590054039037353,28.418795799648176,-7.1567,113.4726,Jawa Timur
Pandeglang,25.334017386219028,29.11625322816079,22.78201230163186,2351.975,9.218090676697358,82.74866331405794,9.424580165478329,17.410043840294932,3.5482905579571824,1.4530947586832847,5.496164042031589,0.41441740532599747,0.3882055261621379,26.629495811812262,-6.3083,106.1067,Banten
Pangandaran,25.893888504004792,28.380149489108465,23.8954866559997,2967.125,12.35293003031664,87.65061516580582,9.489950427214072,18.483332082304063,3.592660852702298,0.9166279078710982,8.271907946889737,0.34439768723332587,0.32659123762070513,27.0331024515308,-7.6866,108.6543,Jawa Barat
Pasuruan,27.77316351242608,32.124627771539785,24.088216107118797,1652.35,5.028424263605061,76.60574864510816,10.342642891148083,21.133174561157272,4.612635064656786,2.118290136799162,6.621959649861516,0.2563700009637697,0.26101715240661727,29.3685832060783,-7.6457,112.907,Jawa Timur
Pati,26.88348727730369,31.393702183920954,23.559682832734488,1952.6125000000002,7.075812513099783,79.85224139624972,9.808920766300911,19.446088409499215,4.1335964626843325,1.919475004584924,5.972715628041021,0.41156085561232125,0.4006344954618609,28.283005515944307,-6.751,111.0385,Jawa Tengah
Pekalongan,27.260329606445094,31.299037972527884,23.69441298188487,2211.2,6.936694554233101,78.63613815031066,9.863471491256934,19.55979904839434,4.15018314366719,1.803146343569878,5.425181107305936,0.26970859257803725,0.2572197067426454,28.9883619638446,-6.8898,109.675,Jawa Tengah
Pemalang,26.93162103544427,31.47297056104499,23.420863760386258,2465.9625,7.26741532955311,78.80857693315367,9.863304888784404,19.598366162325025,4.335861322516656,1.954283775263867,6.922421201998652,0.394344404886219,0.3916662391178232,28.048929265850738,-6.8927,109.3766,Jawa Tengah
Ponorogo,27.007181252339247,31.750242000711133,23.56813682723258,1831.4250000000002,5.5327675293809415,76.19976005408338,9.739622639827187,19.305777589078524,4.51903453196347,2.087586918931058,10.386447739351748,0.2649780654895576,0.2522766109551613,28.6997081284153,-7.8636,111.4636,Jawa Timur
Probolinggo,27.592901453140207,31.378452984879107,24.870720433789955,1759.7875,5.723074185942061,74.3881336655064,10.163440226124605,20.371576430683433,4.992547232483719,1.9558378293659704,13.10391631110113,0.2450892704356613,0.23711400187139753,29.97529911108616,-7.7697,113.2154,Jawa Timur
Purbalingga,26.343724374017516,30.236583459652667,23.41621892544352,2861.1749999999997,9.790634991391572,82.00183366082791,8.841043195445122,17.016766860356313,3.5374744382064525,1.4650353547234074,4.359913755707763,0.33545500480013474,0.32424684109027624,27.111061400553936,-7.3928,109.3669,Jawa Tengah
Purwakarta,26.403535079347257,30.984935451755373,23.101884950220825,2522.225,7.18952792967288,78.23281736001947,9.423716328611693,18.513098700314394,3.964320085897148,1.960502881110113,5.428676746013923,0.4036240823414926,0.387976033750655,27.70782063590089,-6.5565,107.4388,Jawa Barat
Purworejo,25.36355410210345,29.450080358746913,22.36176536791676,3104.0875,9.922754120817427,85.56514129893705,9.162492255195207,17.742917972902163,3.591535411146044,1.33049371163635,5.345170661164758,0.33214306279474515,0.3215089092933603,26.694415652369187,-7.7149,110.0082,Jawa Tengah
Rembang,27.105773426154652,30.92649193427652,24.088634095927837,2080.1,7.1655724109214765,79.93409770940939,10.0149006538897,20.148869698330714,4.338143909536642,1.765437132738229,8.810089891646081,0.2946463122613968,0.289378687907029,28.83127597406243,-6.7051,111.3421,Jawa Tengah
Sampang,27.869988263530203,31.051145271914066,25.49449656692118,1714.7875,6.342575458492402,76.50111283685156,10.149837526758386,20.138091529118945,4.684773852084737,1.813190394209896,11.078208407253538,0.3068864848136088,0.32415957924432964,30.212181079234973,-7.1954,113.2472,Jawa Timur
Semarang,24.880682701736657,29.13802046747511,21.87143480799461,2715.8125,7.9698654212515905,80.21127927707911,9.612973385225628,19.037205471030767,3.9387389045774386,1.6541283180814432,6.0592066883748785,0.40975443117935473,0.3993681524346882,26.45917581499364,-7.1684,110.3993,Jawa Tengah
Serang,26.585265878808293,30.65745462422337,23.447809313945655,2409.1625,8.556490512950072,81.70784261640092,9.632297311480087,18.013786755183773,3.785485125570776,1.6433385724979415,5.652151920053896,0.31585545288756645,0.296684437130399,27.773235962646904,-6.12,106.15,Banten
Sidoarjo,27.27103115128378,31.18282129743993,24.015495962459767,2243.2625,5.967554098360656,79.3331451689872,10.188598899620834,20.716365378209446,4.488640818175013,1.9026404297664496,8.094166875327494,0.2671110912212741,0.2806610752301819,29.08360822853507,-7.4459,112.718,Jawa Timur
Situbondo,26.495850435099932,30.65405393367767,23.19884507541732,2548.025,6.3895175003742795,77.27547659162363,10.452227923008625,20.725579680365296,4.4684319269780675,1.8741443548356913,7.9806132139381685,0.3938044753069092,0.38914058623399955,27.750789649300096,-7.705,114.0088,Jawa Timur
Sleman,24.905045570401978,29.25731859701325,21.85397908713227,3099.425,9.30525643386481,82.905159809866,9.054576678498059,17.736105300733588,3.61752975484692,1.4440507226401675,6.071807877648028,0.23261573858447487,0.22349616299872743,25.774257199266412,-7.7168,110.3543,DI Yogyakarta
Sragen,27.125342826933156,32.43018032131896,23.359230937944456,2278.5625,5.890192264578187,76.42470878246874,9.667529701036441,19.30048572872221,4.461332330170672,2.3717936115165807,9.19438442435811,0.36407001061082417,0.3631907803727824,29.000600242345982,-7.4277,111.0272,Jawa Tengah
Subang,26.786045125945055,31.934380042480722,23.115048337263268,2371.4125,6.602339605322255,77.31968268863687,9.463255585635672,18.661058248184744,4.099382706040871,2.2401945714499587,5.986894982783142,0.3986012923684408,0.3758605723763006,27.828056606033385,-6.57,107.76,Jawa Barat
Sukabumi,22.399698155737706,26.584223751777827,19.634510403099036,3123.8,9.422795918481922,86.91407156130698,9.209174404778613,17.881162004079645,3.421524123718093,1.1911347735608953,4.864667465753424,0.4538158860786735,0.4488730507429448,23.59067619769444,-6.9207,106.927,Jawa Barat
Sukoharjo,26.119039682985253,31.330251036754248,22.771151613144696,2689.925,7.00894094337151,79.66147215266861,9.561492483825408,19.127996740961148,4.239533928812037,2.0619882885133616,8.956664602515158,0.3928743486694363,0.38620545488996183,28.12309901845198,-7.6865,110.8374,Jawa Tengah
Sumedang,24.429943003780224,29.089475029942363,20.936396087843402,2928.725,7.932878801744143,81.92158092390898,9.50439648282265,18.582875535219703,3.835284919997754,1.6385659584362602,4.917136274234599,0.3213445257410734,0.306138733905981,25.332510631409537,-6.8544,107.9209,Jawa Barat
Sumenep,27.027769138782844,30.596259236282656,24.26322002301819,2110.6,7.019229436147915,80.02025361928288,10.273731462996233,20.649211898345683,4.444414252844524,1.6912283595328992,9.062292318848716,0.28595017757691443,0.27621238055805075,28.38228006961599,-6.9878,113.8611,Jawa Timur
Tangerang,26.716817823190357,31.097632338685532,23.358284441200688,2594.125,8.557695278463957,82.77085254977918,9.747600623024637,18.593616729358484,3.930307962515907,1.7066596552885696,6.6114403838236395,0.32751107596002693,0.3190069158058238,28.15739303746538,-6.1702,106.63,Banten
Tasikmalaya,23.8858099698705,28.094249104536267,20.960532863612546,3220.7375,11.840993194662774,87.53971117879333,8.63842641181611,16.703656895164308,3.321569685043791,1.1869046936522194,4.594568362152856,0.262807160294558,0.25638820693914216,24.976597824500338,-7.3288,108.2065,Jawa Barat
Tegal,26.63790623549667,30.72852106538663,23.334588791264316,2223.1375,7.4838415637398015,79.88999958080694,9.931840339071245,19.711826800284452,4.1908353243131975,1.7688868548356913,7.9284282871098135,0.2874387709783666,0.2790254307395763,28.323282521146794,-6.8797,109.1256,Jawa Tengah
Temanggung,22.53020394864885,27.174301758178007,19.117044951905083,2751.5625,8.120829510068118,87.24281519761958,9.290273349164837,18.52198508215435,3.5860880060259,1.2506940384759337,7.696400389250693,0.2085949349595778,0.19586811840332358,23.602094674002544,-7.3107,110.1708,Jawa Tengah
Trenggalek,25.583982296579084,29.222014464967437,23.042674078336702,2165.9,9.522899550864587,85.30637324930758,8.843142373368766,17.630839485552812,3.565718829815106,1.2661070165244404,7.319980626356763,0.32857806973763004,0.3154734718635377,26.91075806104499,-8.0688,111.7086,Jawa Timur
Tuban,27.13011283217307,31.153728940227563,24.135007321842952,2297.8375,7.510140235047533,79.81554861329441,10.018247576282842,20.098258555093942,4.341056083539187,1.8029939354554982,8.682092472303317,0.2878969774683734,0.27562753846657684,28.823469576689874,-6.899,112.0397,Jawa Timur
Tulungagung,26.03098980743319,30.2886917181301,23.03034411632607,2156.7875,8.723418240512014,83.27909656037129,9.369118782406368,18.165446675462235,3.8123246323639495,1.5801870008982708,6.791586752376675,0.30196175065498915,0.28465865203233776,27.499843670933455,-8.0646,111.9033,Jawa Timur
Wonogiri,26.365413571375104,31.18669415468972,22.99982215641141,2169.2375,6.901419049891459,79.24135795905383,9.453541020353528,18.7168104292986,4.1177099904558725,2.0014496869151883,7.220322325772887,0.38187862110749304,0.3803989934501085,28.065424811924544,-7.8148,110.9218,Jawa Tengah
Wonosobo,21.318041895912867,24.907883783404447,18.636563034284002,4534.0875,11.357348303578112,89.25695472434315,8.991275049864948,17.542813809042592,3.2219710020398233,0.8043750426678644,5.423575670896025,0.2732570923347556,0.2703457190470844,22.37981936428625,-7.3606,109.9033,Jawa Tengah
